<?xml version="1.0" encoding="utf-8"?>
<!DOCTYPE install PUBLIC "-//Joomla! 1.5//DTD component 1.0//EN" "http://www.joomla.org/xml/dtd/1.5/component-install.dtd">
<extension type="component" version="1.6.0" method="upgrade">
	<name>com_seminarman</name>
	<creationDate>April 2013</creationDate>
	<author>Open Source Group GmbH</author>
	<copyright>(C) 2011 Profinvent,(C) 2012-13 Open Source Group GmbH</copyright>
	<license>GNU/GPL http://www.gnu.org/copyleft/gpl.html</license>
	<authorEmail>info@osg-gmbh.de</authorEmail>
	<authorUrl>http://www.osg-gmbh.de</authorUrl>
<!-- 	<version>2.2.1</version> -->
	<version>2.2.1.1</version>
	<description>OSG Seminar Manager is a fork of Course Manager 1.7 with additional features and bugfixes</description>
	<scriptfile>script.php</scriptfile>
	<install>
		<sql>
			<file driver="mysql" charset="utf8">sql/install.sql</file>
		</sql>
	</install>
	<uninstall>
		<sql>
			<file driver="mysql" charset="utf8">sql/uninstall.sql</file>
		</sql>
	</uninstall>
	<update>
		<schemas>
			<schemapath type="mysql">sql/updates</schemapath>
		</schemas>
	</update>
	<files folder="site">
		<folder>assets</folder>
		<folder>classes</folder>
		<folder>controllers</folder>
		<folder>helpers</folder>
		<folder>libraries</folder>
		<folder>models</folder>
		<folder>upload</folder>
		<folder>views</folder>
		<filename>defines.seminarman.php</filename>
		<filename>index.html</filename>
		<filename>seminarman.php</filename>
		<filename>controller.php</filename>
		<filename>router.php</filename>
	</files>
	<languages folder="languages">
		<language tag="en-GB">site/en-GB.com_seminarman.ini</language>
		<language tag="de-DE">site/de-DE.com_seminarman.ini</language>
	</languages>
	<administration>
		<menu link="option=com_seminarman"
			img="../administrator/components/com_seminarman/assets/images/seminarman.png">COM_SEMINARMAN_MENU</menu>
		<submenu>
			<menu view="applications" img="components/com_seminarman/assets/images/icon-16-applications.png">COM_SEMINARMAN_MENU_APPLICATIONS</menu>
			<menu view="salesprospects" img="components/com_seminarman/assets/images/icon-16-inter.png">COM_SEMINARMAN_MENU_SALES_PROSPECTS</menu>
			<menu view="courses" img="components/com_seminarman/assets/images/icon-16-courses.png">COM_SEMINARMAN_MENU_COURSES</menu>
			<menu view="templates" img="components/com_seminarman/assets/images/icon-16-templates.png">COM_SEMINARMAN_MENU_TEMPLATES</menu>
			<menu view="tags" img="components/com_seminarman/assets/images/icon-16-tags.png">COM_SEMINARMAN_MENU_TAGS</menu>
			<menu view="tutors" img="components/com_seminarman/assets/images/icon-16-tutors.png">COM_SEMINARMAN_MENU_TUTORS</menu>
			<menu view="categories" img="components/com_seminarman/assets/images/icon-16-categories.png">COM_SEMINARMAN_MENU_CATEGORIES</menu>
			<menu view="settings" img="components/com_seminarman/assets/images/icon-16-config.png">COM_SEMINARMAN_MENU_SETTINGS</menu>
		</submenu>
		<files folder="admin">
			<folder>assets</folder>
			<folder>classes</folder>
			<folder>helpers</folder>
			<folder>views</folder>
			<folder>models</folder>
			<folder>controllers</folder>
			<folder>tables</folder>
			<folder>install_data</folder>
			<folder>liveupdate</folder>
			<folder>sql</folder>
			<filename>index.html</filename>
			<filename>info.php</filename>
			<filename>admin.seminarman.php</filename>
			<filename>controller.php</filename>
			<filename>config.xml</filename>
		</files>
		<languages folder="languages">
			<language tag="en-GB">admin/en-GB.com_seminarman.ini</language>
			<language tag="en-GB">admin/en-GB.com_seminarman.sys.ini</language>
			<language tag="de-DE">admin/de-DE.com_seminarman.ini</language>
			<language tag="de-DE">admin/de-DE.com_seminarman.sys.ini</language>
		</languages>
	</administration>
</extension>
