<?xml version="1.0" encoding="utf-8"?>
<catalogue name="VIRTUAL TABLES">
<table>
<title>Salutation</title>
<author>Profinvent</author>
<values>
<value>Bruder</value>
<value>Schwester</value>
</values>
</table>
<table>
<title>Price Type</title>
<author>Profinvent</author>
<values>
<value>Default</value>
</values>
</table>
<table>
<title>Major</title>
<author>Profinvent</author>
<values>
<value>Default</value>
</values>
</table>
<table>
<title>Industry</title>
<author>Profinvent</author>
<values>
<value>Default</value>
</values>
</table>
<table>
<title>Job Experience</title>
<author>Profinvent</author>
<values>
<value>Default</value>
</values>
</table>
</catalogue>